Redshift,Distance (Gpc)
0.112327436,0.518064922
0.321308365,2.648260034
0.332835949,2.196683132
0.030370666,0.138180058
0.286097864,3.027133146
0.291144173,2.984302833
0.321065182,1.893381373
0.333331544,2.277288065
0.152375886,0.712818861
